folder_name,image_count,first_image,cam_id,event_datetime,contexto,pessoas,comportamentos,label,avaliacao
event_20250402_133726_41ca0095,8,motion_detected/event_20250402_133726_41ca0095/0001_6890_20250219_153816_frame_20250402_133726_000010.jpg,6890,2025-02-19 15:38:16,"Interno, garagem coberta, dia, boa iluminação natural.","Um indivíduo aparece nos primeiros segundos caminhando da porta (provavelmente de acesso interno) em direção ao fundo da garagem, carregando um objeto (aparentemente uma pasta ou maleta). Após isso, não há mais movimentação visível de pessoas ou veículos.","Nenhum comportamento suspeito ou sinal de risco evidente. A pessoa parece estar transitando normalmente, sem sinais de tentativa de acesso forçado ou comportamento incomum.",Camera 08.,"**Não**, movimentação normal de pessoa em área de garagem, sem indícios de ação suspeita."
event_20250402_142333_c72d52a0,9,motion_detected/event_20250402_142333_c72d52a0/0001_6890_20250219_153905_frame_20250402_142332_000010.jpg,6890,2025-02-19 15:39:05,"Interno, garagem coberta, dia, boa iluminação natural.","Dois indivíduos aparecem nos primeiros segundos. Um deles sai por uma porta à esquerda (aparentemente vindo de dentro do prédio), e o outro caminha em direção à saída carregando uma sacola ou mochila. Após isso, não há mais movimentação visível de pessoas. Dois veículos estão estacionados e permanecem imóveis durante toda a sequência.","Nenhum comportamento suspeito ou anormal detectado. A movimentação dos indivíduos parece normal, sem sinais de tentativa de arrombamento, invasão ou acesso indevido.",Camera 08.,"**Não**, movimentação típica de pessoas em garagem, sem indícios de risco."
event_20250403_113340_c77d7f02,6,motion_detected/event_20250403_113340_c77d7f02/0001_7647_20250307_134155_frame_20250403_113340_000088.jpg,7647,2025-03-07 13:41:55,"Externo, dia, rua residencial com boa iluminação natural.","Três veículos visíveis inicialmente estacionados. Ao longo da sequência, dois carros com pintura característica de viaturas (provavelmente policiais) se aproximam e estacionam. Não há pessoas visíveis fora dos veículos.","A chegada de duas viaturas pode indicar uma resposta a algum incidente, mas não há ações suspeitas ou comportamentos anormais visíveis nas imagens analisadas.",frente esquerda.,"**Não**, apesar da presença de viaturas, não há indícios visuais de risco ou atividade suspeita nas imagens fornecidas."
event_20250402_142629_1e214b45,16,motion_detected/event_20250402_142629_1e214b45/0001_6888_20250219_153904_frame_20250402_142629_000001.jpg,6888,2025-02-19 15:39:04,"Interno, elevador, boa iluminação, horário diurno (12:39).","Duas pessoas aparecem na sequência. Um homem entra no elevador com uma caixa de ferramentas e um balde com objetos. Em seguida, outro homem (com boné e roupa verde) entra, pega a caixa de ferramentas e ambos saem do elevador.","Nenhum comportamento suspeito ou violento observado. A movimentação parece rotineira, possivelmente relacionada a manutenção ou serviço.",Camera 06.,"**Não**, movimentação normal de pessoas com equipamentos, sem sinais de acesso indevido ou comportamento suspeito."
event_20250403_102654_82623f65,6,motion_detected/event_20250403_102654_82623f65/0001_17204_20250307_002852_frame_20250403_102654_000004.jpg,17204,2025-03-07 00:28:52,"Externo, noite, iluminação artificial direcionada à área próxima ao muro e entrada lateral.","Um veículo com faróis acesos aparece ao fundo nos primeiros frames, aparentemente parado. Há pelo menos uma pessoa visível próxima ao portão nos frames iniciais, mas ela se afasta ou se esconde nos frames seguintes.","A presença de uma pessoa próxima ao portão em horário noturno, com um veículo parado nas proximidades, pode indicar comportamento suspeito. A pessoa parece se mover discretamente ou se esconder, o que pode sugerir tentativa de observação ou invasão.",FRENTE L.D,"**Sim**, há indícios de comportamento suspeito com possível tentativa de acesso não autorizado, especialmente considerando o horário e a movimentação discreta da pessoa."
event_20250403_112220_0f05ffe1,6,motion_detected/event_20250403_112220_0f05ffe1/0001_6993_20250307_101724_frame_20250403_112220_000094.jpg,6993,2025-03-07 10:17:24,"Externo, dia, área com vegetação próxima a uma parede.",Nenhum visível.,Nenhum comportamento suspeito ou sinal de risco aparente. A visão está parcialmente obstruída por folhas em primeiro plano.,Camera 10.,"**Não**, não há indícios de atividade suspeita ou risco visível nesta sequência."
event_20250403_110345_d4895a53,40,motion_detected/event_20250403_110345_d4895a53/0001_6984_20250307_101724_frame_20250403_110345_000092.jpg,6984,2025-03-07 10:17:24,"Externo, manhã (iluminação natural clara), área de estacionamento em frente a uma rua movimentada.","- Um indivíduo está sentado sob um guarda-sol durante toda a sequência, aparentemente um vigilante ou porteiro.
  - Diversos veículos passam pela rua (carros de passeio, SUV, caminhonete e ônibus).
  - Três pedestres atravessam a rua da direita para a esquerda, passando pela frente do ônibus.",Nenhum comportamento suspeito ou fora do comum observado. Trânsito e movimentação de pedestres normais para o horário e local.,Camera 01.,"**Não**, não há indícios de risco ou atividade suspeita. Tudo indica movimentação urbana rotineira."
event_20250402_140834_8e7ff747,6,motion_detected/event_20250402_140834_8e7ff747/0001_6883_20250219_153816_frame_20250402_140834_000092.jpg,6883,2025-02-19 15:38:16,"Externo, dia, calçada e rua com boa iluminação solar.","Um veículo escuro aparece brevemente no terceiro frame, transitando pela rua da esquerda para a direita. Há duas pessoas sentadas no banco da calçada à direita, visíveis em todos os frames.",Nenhum comportamento suspeito ou sinal de risco aparente. As pessoas permanecem sentadas e o veículo apenas passa pela via.,Camera 01.,"**Não**, não há indícios de risco ou atividade suspeita na sequência observada."
event_20250403_110902_b869b941,44,motion_detected/event_20250403_110902_b869b941/0001_6994_20250307_101724_frame_20250403_110902_000092.jpg,6994,2025-03-07 10:17:24,"Externo, manhã (07:29), iluminação natural adequada, área de estacionamento com marcação de vaga PCD e faixa amarela de pedestres.","- Três pedestres aparecem ao longo da sequência: dois homens caminhando juntos no início e uma mulher caminhando sozinha posteriormente.
  - Diversos veículos passam pela rua: carros, motocicleta e um ônibus que para para embarque/desembarque.
  - A mulher caminha paralelamente à rua e depois para próximo ao ponto de ônibus, onde outra pessoa embarca.",Nenhum comportamento suspeito ou fora do comum observado. Trânsito e movimentação de pedestres normais para o horário e local.,Camera 11.,"**Não**, movimentação típica de pedestres e veículos em via urbana, sem sinais de risco ou comportamento suspeito."
event_20250403_110529_22a621b0,11,motion_detected/event_20250403_110529_22a621b0/0001_6985_20250307_101724_frame_20250403_110529_000039.jpg,6985,2025-03-07 10:17:24,"Externo, dia, área de estacionamento com boa iluminação natural.","Dois ciclistas passam pela rua, e vários veículos transitam (carros brancos e escuros). Um carro branco permanece estacionado na rua durante toda a sequência.",Nenhum comportamento suspeito ou incomum observado. Trânsito e movimentação de ciclistas parecem normais.,Camera 02.,"**Não**, movimentação típica de rua sem sinais de risco ou comportamento suspeito."
event_20250403_092022_f63db61a,34,motion_detected/event_20250403_092022_f63db61a/0001_55406_20250302_230353_frame_20250403_092017_000043.jpg,55406,2025-03-02 23:03:53,"Externo, noite, área urbana em frente a um edifício residencial ou comercial, com boa iluminação pública.","- Várias pessoas caminham pela calçada ao longo da sequência, em diferentes direções.
  - Dois indivíduos aparecem inicialmente caminhando da esquerda para a direita e depois retornam.
  - Outros pedestres também transitam normalmente.
  - Diversos veículos passam pela rua, incluindo carros e motocicletas.","- Nenhum comportamento suspeito ou incomum é observado.
  - Não há tentativas de acesso indevido, arrombamento ou violência.
  - Portão permanece fechado durante toda a sequência.",Camera 01.,"**Não**, movimentação típica de pedestres e veículos em via pública, sem indícios de risco."
event_20250403_110825_c72ce50a,21,motion_detected/event_20250403_110825_c72ce50a/0001_6994_20250307_101724_frame_20250403_110825_000056.jpg,6994,2025-03-07 10:17:24,"Externo, manhã (07:19), iluminação natural adequada, área de estacionamento com vaga para PCD e faixa de pedestres.","Trânsito leve de veículos (diversos carros passando). Um indivíduo aparece a partir do frame 0010, caminha pela calçada e segue andando pela rua até sair do campo de visão no frame 0016.","Nenhum comportamento suspeito ou anormal identificado. O indivíduo caminha normalmente pela calçada, sem interações com o ambiente ou veículos. Nenhum sinal de arrombamento, invasão ou acesso indevido.",Camera 11.,"**Não**, movimentação normal de pedestre e veículos, sem indícios de risco."
event_20250403_115614_921a5ad2,8,motion_detected/event_20250403_115614_921a5ad2/0001_7639_20250307_134155_frame_20250403_115614_000028.jpg,7639,2025-03-07 13:41:55,"Externo, dia, rua residencial com boa iluminação natural.",Um veículo caracterizado como viatura (aparentemente policial) passa pela rua da esquerda para a direita entre os segundos 02 e 06. Não há presença visível de pessoas a pé. Três carros estão estacionados (um branco em frente ao prédio e dois do lado oposto da rua).,"Nenhum comportamento suspeito ou anormal observado. A viatura apenas transita pela via, sem parar ou interagir com o ambiente.",frente direita.,"**Não**, apenas trânsito normal de viatura em área aparentemente tranquila."
event_20250403_110951_999c970a,21,motion_detected/event_20250403_110951_999c970a/0001_6994_20250307_101724_frame_20250403_110947_000137.jpg,6994,2025-03-07 10:17:24,"Externo, manhã, área de estacionamento com boa iluminação natural. Imagens finais mostram ambiente interno com iluminação artificial.","Um indivíduo caminha pela calçada ao lado do estacionamento, seguindo em linha reta e sem interações com o local. Diversos veículos passam pela rua, sem paradas ou comportamentos anormais. No ambiente interno, não há presença de pessoas visível.","Nenhum comportamento suspeito ou indicativo de risco foi identificado. O indivíduo apenas transita pela via pública. Não há sinais de arrombamento, invasão ou acesso não autorizado. Portas e janelas aparentam estar fechadas.","Câmera 11 (externa), Câmera 08 (interna).","**Não**, movimentação normal de pedestre e veículos, sem indícios de ameaça ou comportamento suspeito."
event_20250403_111752_4930dd6b,10,motion_detected/event_20250403_111752_4930dd6b/0001_6990_20250307_101724_frame_20250403_111751_000141.jpg,6990,2025-03-07 10:17:24,"Interno, ambiente comercial ou de recepção, bem iluminado, horário noturno (22:22).","Duas pessoas visíveis. Uma está sentada no sofá (lado direito), a outra está de pé em frente, interagindo diretamente com a pessoa sentada. A pessoa em pé realiza movimentos constantes, aparentemente manipulando algo próximo à outra.","A interação entre as duas pessoas é contínua e próxima, com a pessoa em pé inclinando-se sobre a sentada. Não há sinais claros de violência, mas o comportamento pode ser interpretado como potencialmente invasivo ou suspeito, dependendo do contexto (ex: tentativa de furto, coação ou apenas assistência). Não há sinais de arrombamento ou acesso forçado.",Camera 87.,"**Sim**, há potencial risco devido à interação próxima e insistente da pessoa em pé com a sentada, o que pode indicar comportamento suspeito ou coação, especialmente em um ambiente comercial fora do horário comum."
event_20250402_140721_e4453231,12,motion_detected/event_20250402_140721_e4453231/0001_6883_20250219_153816_frame_20250402_140721_000021.jpg,6883,2025-02-19 15:38:16,"Externo, dia, calçada urbana com boa iluminação natural.","Dois indivíduos caminham juntos inicialmente. Um deles (camiseta branca) se separa e se aproxima de um carro branco estacionado. Ele observa o veículo, circula ao redor e parece tentar abrir a porta do lado do motorista. Após isso, ele se afasta e sai do campo de visão.","O comportamento do indivíduo de camiseta branca é suspeito — ele se aproxima do carro, observa ao redor e tenta abrir a porta, sugerindo possível tentativa de acesso não autorizado. Não há sinais visíveis de arrombamento, mas a ação é claramente suspeita.",Camera 01.,"**Sim**, há indício de tentativa de acesso indevido a veículo estacionado."
event_20250403_113729_6e0a44fe,6,motion_detected/event_20250403_113729_6e0a44fe/0001_7645_20250307_134155_frame_20250403_113729_000004.jpg,7645,2025-03-07 13:41:55,"Externo, dia, área de entrada com portão metálico e piso de concreto, iluminação solar intensa.",Nenhum visível ao longo da sequência.,Nenhum comportamento suspeito ou sinal de arrombamento. Portão e porta ao fundo permanecem fechados. Apenas movimento de folhas ao vento.,Portao entrada.,"**Não**, área está vazia e sem indícios de atividade suspeita."
event_20250403_101251_f265bb7e,16,motion_detected/event_20250403_101251_f265bb7e/0001_17201_20250307_002851_frame_20250403_101250_000102.jpg,17201,2025-03-07 00:28:51,"Externo, noite, área cercada com iluminação artificial. A câmera cobre uma entrada com portão e cerca de arame farpado.","Um veículo se aproxima com faróis acesos a partir do frame 0001, passa lentamente pela frente da entrada monitorada entre os frames 0005 e 0009, e segue seu trajeto até sair do campo de visão no frame 0011. Nenhuma pessoa visível fora do veículo.",Nenhum comportamento suspeito ou tentativa de acesso indevido observada. O veículo apenas transita pela via externa sem parar ou interagir com o local monitorado.,"Frente,L,E","**Não**, apenas trânsito de veículo sem interação com o perímetro."
event_20250403_110712_5aa7d505,21,motion_detected/event_20250403_110712_5aa7d505/0001_6985_20250307_101724_frame_20250403_110706_000134.jpg,6985,2025-03-07 10:17:24,"Externo, dia, área de estacionamento com boa iluminação natural.","- Um indivíduo aparece caminhando na calçada (primeiros frames), atravessa a entrada do estacionamento e segue pela rua.
  - Diversos veículos passam pela rua, incluindo carros e uma motocicleta.
  - Em um momento, há presença de viaturas policiais (carros e moto), indicando possível operação ou patrulhamento.
  - No final da sequência, outro indivíduo aparece caminhando pela calçada, aparentemente sem relação com os eventos anteriores.","- A presença de múltiplas viaturas policiais em sequência, com movimentação coordenada, pode indicar resposta a um incidente ou operação em andamento.
  - Nenhum comportamento violento ou invasivo é visível nas imagens.",Câmera 02 e Câmera 11.,"**Sim**, presença de múltiplas viaturas policiais pode indicar ocorrência de risco ou resposta a incidente nas proximidades, embora não haja ação suspeita visível diretamente nas imagens."
event_20250403_110809_e9b8e587,11,motion_detected/event_20250403_110809_e9b8e587/0001_6994_20250307_101724_frame_20250403_110809_000040.jpg,6994,2025-03-07 10:17:24,"Externo, manhã (07:18), iluminação natural adequada, área de estacionamento com vaga para PCD e faixa de pedestres.","Três veículos passam pela rua da esquerda para a direita (um branco, um escuro e outro branco novamente). Um ciclista aparece nos últimos frames (a partir do frame 0007), seguindo na mesma direção dos carros.","Nenhum comportamento suspeito ou anormal observado. Trânsito normal, sem sinais de invasão, arrombamento ou acesso indevido. O ciclista está na via, aparentemente em movimento contínuo.",Camera 11.,"**Não**, movimentação veicular e de ciclista dentro da normalidade, sem indícios de risco."
event_20250403_091404_c34755c2,22,motion_detected/event_20250403_091404_c34755c2/0001_55410_20250302_230353_frame_20250403_091404_000146.jpg,55410,2025-03-02 23:03:53,"Externo, noite, área residencial com portões e calçadas bem iluminadas.","Um veículo escuro aparece nas imagens da Câmera 05, circulando lentamente pela rua em frente ao portão. O mesmo veículo é visto novamente nas imagens da Câmera 03, passando pela mesma rua em diferentes momentos, sugerindo que está circulando repetidamente pela área.","O comportamento do veículo é suspeito, pois ele circula várias vezes pela mesma rua em um curto intervalo de tempo, o que pode indicar vigilância ou reconhecimento do local. Não há sinais de arrombamento ou presença de pessoas tentando acessar o local.",Câmera 05 e Câmera 03.,"**Sim**, o padrão de movimentação do veículo é incomum e pode indicar comportamento de vigilância ou preparação para uma ação suspeita."
event_20250403_110744_338b958b,15,motion_detected/event_20250403_110744_338b958b/0001_6994_20250307_101724_frame_20250403_110744_000016.jpg,6994,2025-03-07 10:17:24,"Externo, manhã (07:17), iluminação natural adequada, área de estacionamento com vaga para PCD visível.","Trânsito normal de veículos (carros e motos) passando pela rua. Uma pessoa aparece parcialmente visível ao lado direito da imagem, próxima ao muro, aparentemente parada durante toda a sequência.",Nenhum comportamento suspeito ou indicativo de risco observado. A pessoa próxima ao muro não realiza nenhuma ação suspeita ou movimento significativo.,Camera 11.,"**Não**, não há indícios de comportamento suspeito, invasão ou risco à segurança na sequência analisada."
event_20250403_103057_3dd4eced,7,motion_detected/event_20250403_103057_3dd4eced/0001_17205_20250307_002852_frame_20250403_103057_000088.jpg,17205,2025-03-07 00:28:52,"Externo, noite, área industrial ou de depósito com iluminação artificial.","Pelo menos duas pessoas visíveis em movimento ao fundo, próximas a materiais e estruturas. Um veículo branco está estacionado com os faróis acesos, aparentemente com a porta aberta.","As pessoas parecem estar se movimentando entre os materiais, possivelmente manipulando objetos. A presença do veículo com faróis acesos e porta aberta sugere possível retirada ou carregamento de itens. A movimentação noturna em local aparentemente fechado pode indicar atividade suspeita.",L.D. Fundos.,"**Sim**, movimentação de pessoas em horário noturno em área de depósito com possível carregamento de materiais e veículo em posição de retirada indicam risco de furto ou acesso não autorizado."
event_20250402_140812_81b82a7a,7,motion_detected/event_20250402_140812_81b82a7a/0001_6883_20250219_153816_frame_20250402_140808_000066.jpg,6883,2025-02-19 15:38:16,"Externo, dia, calçada urbana com boa iluminação natural.","Um carro prata aparece no início da sequência e depois sai do campo de visão. Duas pessoas caminham pela calçada da direita para a esquerda, uma delas (mulher) passa em frente à câmera.",Nenhum comportamento suspeito ou incomum observado. Trânsito e movimentação de pedestres normais.,Camera 01.,"**Não**, movimentação típica de rua, sem sinais de risco ou comportamento anormal."
event_20250403_115819_956b2299,14,motion_detected/event_20250403_115819_956b2299/0001_7639_20250307_134155_frame_20250403_115805_000137.jpg,7639,2025-03-07 13:41:55,"Externo, dia, rua residencial ou comercial com boa iluminação natural.","- Vários veículos transitando pela rua ao longo da sequência.
  - Um indivíduo aparece nos últimos frames (a partir de 10:46:02), caminhando até um carro estacionado (prata, do lado esquerdo da via), e interage com a porta do veículo.","- O comportamento do indivíduo é potencialmente suspeito: ele se aproxima do carro e tenta abrir a porta, olhando ao redor. Não há indicação clara de que ele seja o proprietário.
  - Não há sinais visíveis de arrombamento ou violência, mas a ação pode indicar tentativa de acesso não autorizado.",frente direita.,"**Sim**, há indício de tentativa de acesso não autorizado a veículo estacionado, com comportamento cauteloso e possivelmente suspeito."
event_20250402_142524_574db192,16,motion_detected/event_20250402_142524_574db192/0001_6884_20250219_153816_frame_20250402_142514_000083.jpg,6884,2025-02-19 15:38:16,"Externo, dia, rua residencial com boa iluminação natural.",Vários veículos passam pela rua ao longo da sequência. Um carro escuro estaciona em frente a um portão branco e permanece parado por vários segundos. Não há presença visível de pessoas fora dos veículos.,Nenhum comportamento suspeito ou anormal é observado. O carro que estaciona não apresenta sinais de tentativa de invasão ou atividade incomum. Nenhuma porta ou janela visivelmente aberta ou danificada.,Camera 02.,"**Não**, movimentação veicular normal em via pública, sem indícios de risco ou comportamento suspeito."
event_20250403_113354_c8cf51c7,14,motion_detected/event_20250403_113354_c8cf51c7/0001_7647_20250307_134155_frame_20250403_113347_000095.jpg,7647,2025-03-07 13:41:55,"Externo, dia, rua residencial com boa iluminação natural.","Dois veículos em movimento são observados na sequência. O primeiro é um carro branco com faixas coloridas (possivelmente um veículo oficial ou de serviço), que passa pela rua. O segundo é um carro vermelho com amarelo (aparentemente um carro de publicidade ou serviço), que também transita normalmente pela via. Há vários veículos estacionados, incluindo um carro branco com a frente visivelmente danificada.","O carro com a frente danificada sugere que houve um acidente anterior, mas não há atividade suspeita ou comportamento de risco visível durante a sequência. Nenhuma interação humana é observada.",frente esquerda.,"**Não**, não há indícios de comportamento suspeito ou risco imediato nas imagens analisadas. Apenas tráfego normal e um veículo previamente danificado."
event_20250402_164111_69dfa316,7,motion_detected/event_20250402_164111_69dfa316/0001_18250_20250228_124222_frame_20250402_164111_000068.jpg,18250,2025-02-28 12:42:22,"Externo, dia, estacionamento com boa iluminação natural.","Dois veículos estacionados (um branco e um escuro). O veículo escuro se move lentamente para frente ao longo da sequência, sugerindo manobra ou saída da vaga. Nenhuma pessoa visível.",Nenhum comportamento suspeito ou sinal de risco aparente. Nenhum sinal de arrombamento ou acesso indevido.,RACK-P2 ZONA 01.,"**Não**, movimentação veicular normal em área de estacionamento, sem indícios de atividade suspeita."
event_20250403_091224_4da7849c,71,motion_detected/event_20250403_091224_4da7849c/0001_55410_20250302_230353_frame_20250403_091221_000046.jpg,55410,2025-03-02 23:03:53,"Externo, noite, área residencial ou comercial com portão fechado e rua movimentada ao fundo. Iluminação adequada por postes de luz.",Diversos veículos passam pela rua ao fundo ao longo da sequência. Nenhuma pessoa visível dentro da área monitorada ou tentando acessar o portão.,Nenhum comportamento suspeito ou indicativo de risco observado. O portão permanece fechado e não há tentativas de acesso ou presença incomum.,Camera 05.,"**Não**, apenas tráfego normal de veículos, sem sinais de invasão ou atividade suspeita."
event_20250402_150700_3c793a13,24,motion_detected/event_20250402_150700_3c793a13/0001_40427_20250221_185342_frame_20250402_150655_000004.jpg,40427,2025-02-21 18:53:42,"Externo, dia, calçada urbana com boa iluminação natural. Também há imagens internas de um hall de entrada com porta de vidro.","Dois indivíduos em uma motocicleta se aproximam pela rua. Um pedestre caminha na calçada. A motocicleta para ao lado do pedestre, e o garupa parece interagir com ele. Em seguida, o pedestre se afasta rapidamente, e a moto permanece parada. A câmera interna mostra a moto se aproximando da entrada do prédio.","A abordagem do pedestre por dois indivíduos em uma moto, com o garupa fazendo gestos com os braços erguidos, sugere uma possível tentativa de assalto. O pedestre se afasta rapidamente, o que reforça a suspeita. A moto se aproxima da entrada do prédio, o que pode indicar tentativa de invasão ou fuga.","Câmera 36 (externa), Câmera 02 (interna).","**Sim**, há forte indício de tentativa de assalto e possível risco de invasão, com comportamento suspeito e evasivo dos envolvidos."
event_20250402_171319_5435f854,7,motion_detected/event_20250402_171319_5435f854/0001_4990_20250228_161321_frame_20250402_171318_000023.jpg,4990,2025-02-28 16:13:21,"Externo, dia, calçada arborizada em área residencial ou comercial, com boa iluminação natural.","Um indivíduo visível em todos os frames, caminhando da rua em direção à lateral do muro. A pessoa se move de forma contínua e aparentemente tranquila.","Nenhum comportamento suspeito ou indicativo de risco é observado. A pessoa parece apenas estar transitando pela calçada, sem interações com o portão, muro ou vegetação.",Camera 04.,"**Não**, não há indícios de comportamento suspeito ou tentativa de acesso indevido."
event_20250402_140451_25399fec,9,motion_detected/event_20250402_140451_25399fec/0001_6896_20250219_153816_frame_20250402_140451_000082.jpg,6896,2025-02-19 15:38:16,"Interno, garagem ou estacionamento coberto, durante o dia com boa iluminação natural vinda da entrada.",Um veículo (carro prata) inicia a sequência estacionado e depois sai da garagem. Nenhuma pessoa visível fora do veículo.,Nenhum comportamento suspeito ou fora do comum. A saída do veículo ocorre de forma ordenada e controlada. O portão está aberto durante a saída e se mantém assim até o final da sequência.,Camera 14.,"**Não**, movimentação normal de veículo saindo da garagem, sem sinais de acesso indevido ou comportamento suspeito."
event_20250402_150632_eb875975,6,motion_detected/event_20250402_150632_eb875975/0001_40426_20250221_185342_frame_20250402_150632_000001.jpg,40426,2025-02-21 18:53:42,"Externo, dia, área de entrada com portão gradeado e vegetação lateral.","Nenhuma pessoa visível diretamente, mas há um veículo estacionado próximo ao portão, parcialmente visível em todos os frames.","O portão está entreaberto durante toda a sequência, o que pode indicar que foi deixado aberto ou não está trancando corretamente. Isso representa um possível risco de acesso não autorizado. Não há sinais de arrombamento visíveis, mas a porta aberta sem presença de pessoas é um alerta.",Camera 05.,"**Sim**, portão de acesso externo permanece aberto sem supervisão aparente, o que pode permitir entrada não autorizada."
event_20250403_102825_0ffbeda4,6,motion_detected/event_20250403_102825_0ffbeda4/0001_17204_20250307_002852_frame_20250403_102824_000093.jpg,17204,2025-03-07 00:28:52,"Externo, noite, área pavimentada ao lado de uma cerca; iluminação artificial presente.",Nenhum visível claramente nos frames.,Nenhum comportamento suspeito ou sinal de arrombamento aparente. A área parece estática e sem movimentação.,FRENTE L.D.,"**Não**, não há indícios de atividade suspeita ou risco visível nesta sequência."
event_20250403_110435_2ec98035,18,motion_detected/event_20250403_110435_2ec98035/0001_6984_20250307_101724_frame_20250403_110430_000136.jpg,6984,2025-03-07 10:17:24,"Externo, dia, área de estacionamento com boa iluminação natural.","- Um indivíduo aparece caminhando na calçada (primeiros frames), aparentemente sem comportamento suspeito.
  - Outro indivíduo (vigia/porteiro) permanece sentado sob guarda-sol durante toda a sequência.
  - Diversos veículos passam pela rua (carros, moto, táxi), todos em movimento normal.
  - Nos dois últimos frames (câmera 02), outro indivíduo caminha pela calçada, também sem ações suspeitas.","Nenhum comportamento incomum, suspeito ou violento observado. Nenhum sinal de arrombamento ou acesso indevido.",Câmeras 01 e 02.,"**Não**, movimentação normal de pedestres e veículos, sem indícios de risco ou atividade suspeita."
event_20250403_110546_a69dc7b4,20,motion_detected/event_20250403_110546_a69dc7b4/0001_6985_20250307_101724_frame_20250403_110546_000055.jpg,6985,2025-03-07 10:17:24,"Externo, dia, área urbana com estacionamento e via pública. Iluminação natural adequada.","Diversos veículos passam pela rua (carros de passeio e uma van branca). Um indivíduo aparece caminhando pela calçada da direita para a esquerda, atravessa a entrada do estacionamento e segue andando.","Nenhum comportamento suspeito ou anormal identificado. O indivíduo caminha normalmente, sem interações com veículos ou tentativa de acesso ao local monitorado. Nenhum sinal de arrombamento ou acesso indevido.",Camera 02.,"**Não**, movimentação normal de pedestres e veículos, sem indícios de risco."
event_20250402_152207_a112c0ac,9,motion_detected/event_20250402_152207_a112c0ac/0001_10774_20250228_101013_frame_20250402_152207_000018.jpg,10774,2025-02-28 10:10:13,"Local externo coberto, provavelmente garagem de prédio residencial, durante o dia, com boa iluminação natural.","Um indivíduo aparece nos primeiros frames (camiseta cinza, bermuda, descalço), interage com o painel de acesso e entra pela porta. Dois veículos estacionados permanecem imóveis durante toda a sequência.","O indivíduo parece utilizar o sistema de acesso normalmente (possivelmente com chave ou senha), sem sinais de arrombamento ou comportamento suspeito. A entrada é feita de forma direta e sem hesitação.",Camera 05.,"**Não**, o comportamento do indivíduo indica acesso autorizado, sem sinais de tentativa de invasão ou atividade suspeita."
event_20250403_113241_df74149a,10,motion_detected/event_20250403_113241_df74149a/0001_7647_20250307_134155_frame_20250403_113241_000030.jpg,7647,2025-03-07 13:41:55,"Externo, dia, rua residencial com sombra de árvores e boa iluminação natural.","Um veículo amarelo (possivelmente um táxi ou carro de aplicativo) se aproxima e para brevemente na calçada direita. Uma pessoa desce do carro e caminha em direção ao lado esquerdo da rua, saindo do campo de visão.",Nenhum comportamento suspeito ou anormal identificado. A ação parece ser uma parada comum para desembarque.,frente esquerda.,"**Não**, movimentação típica de embarque/desembarque em via pública, sem sinais de ameaça ou atividade suspeita."
event_20250402_153119_5e731392,9,motion_detected/event_20250402_153119_5e731392/0001_10785_20250228_101013_frame_20250402_153119_000089.jpg,10785,2025-02-28 10:10:13,"Externo, dia, área cercada com vegetação e calçada. Imagens com interferência e perda de sinal.","Um indivíduo visível nos primeiros frames, caminhando ou se aproximando da câmera.","Presença de pessoa em área aparentemente restrita (cercada), seguida de perda de sinal da câmera, o que pode indicar sabotagem ou tentativa de ocultação de atividade.",Camera 16.,"**Sim**, presença suspeita em área cercada e subsequente perda de vídeo indicam possível tentativa de invasão ou sabotagem."
event_20250402_153028_6d75d183,7,motion_detected/event_20250402_153028_6d75d183/0001_10785_20250228_101013_frame_20250402_153028_000040.jpg,10785,2025-02-28 10:10:13,"Externo, manhã (07:11), área pavimentada entre muros, com vista para espaço aberto com árvores e palmeiras. Iluminação natural, mas com variações de brilho e falhas de imagem.",Nenhum visível claramente ao longo da sequência.,"A sequência mostra degradação progressiva da imagem, culminando em perda total do sinal (""NO VIDEO""). Isso pode indicar falha técnica ou possível sabotagem da câmera.",Camera 16.,"**Sim**, perda repentina e completa do sinal de vídeo pode indicar tentativa de ocultar atividade suspeita ou falha crítica de segurança."
event_20250403_091207_eb29739f,9,motion_detected/event_20250403_091207_eb29739f/0001_55410_20250302_230353_frame_20250403_091207_000032.jpg,55410,2025-03-02 23:03:53,"Externo, noite, área em frente a um portão de entrada com iluminação pública e de veículos.",Um carro preto aparece estacionado ou parado em frente ao portão ao longo da sequência. Não há pessoas visíveis nas imagens.,"O veículo permanece parado por vários segundos em frente ao portão, o que pode indicar observação ou espera. No entanto, não há ações visíveis de tentativa de acesso, arrombamento ou presença de pessoas fora do veículo.",Camera 05.,"**Não**, apesar da parada prolongada do veículo, não há indícios claros de comportamento suspeito ou tentativa de invasão. Monitoramento recomendado caso o veículo permaneça por mais tempo."
event_20250403_091347_31d8b0de,9,motion_detected/event_20250403_091347_31d8b0de/0001_55410_20250302_230353_frame_20250403_091347_000129.jpg,55410,2025-03-02 23:03:53,"Externo, noite, área de entrada com portão fechado, iluminação adequada por luzes artificiais.",Um veículo branco permanece parado em frente ao portão durante toda a sequência. Um motociclista passa rapidamente no frame 0004. Não há pessoas visíveis fora dos veículos.,"O carro permanece parado por tempo prolongado em frente ao portão, o que pode indicar observação ou tentativa de acesso. No entanto, não há ações claras de tentativa de entrada ou comportamento agressivo.",Camera 05.,"**Não**, apesar da parada prolongada do veículo, não há indícios claros de tentativa de invasão ou comportamento suspeito direto. Monitoramento recomendado caso o veículo permaneça por mais tempo."
event_20250402_171342_cc7e5892,6,motion_detected/event_20250402_171342_cc7e5892/0001_4990_20250228_161321_frame_20250402_171342_000046.jpg,4990,2025-02-28 16:13:21,"Externo, dia, calçada arborizada com boa iluminação natural.","Um indivíduo visível em todos os frames, caminhando pela calçada da esquerda para a direita. Há veículos estacionados na rua, mas nenhum movimento aparente deles.","Nenhum comportamento suspeito ou incomum detectado. O indivíduo parece apenas transitar pela calçada, sem interações com a propriedade ou veículos.",Camera 04.,"**Não**, apenas um pedestre em movimento normal, sem sinais de risco ou atividade suspeita."
event_20250403_091742_afe052f2,35,motion_detected/event_20250403_091742_afe052f2/0001_55407_20250302_230353_frame_20250403_091735_000041.jpg,55407,2025-03-02 23:03:53,"Externo, noite, área urbana com boa iluminação pública. A câmera está posicionada em frente a um portão de entrada, com visão para a calçada e rua movimentada.","Diversos pedestres caminham pela calçada ao longo da sequência, em ambos os sentidos. Há também tráfego constante de veículos, incluindo carros em movimento e um carro azul estacionado. Nenhuma interação anormal entre os indivíduos é observada.","Nenhum comportamento suspeito ou indicativo de risco é identificado. As pessoas caminham normalmente, sem tentativas de acesso ao imóvel, sem sinais de arrombamento ou violência.",Camera 02.,"**Não**, movimentação normal de pedestres e veículos, sem indícios de ameaça ou comportamento suspeito."
event_20250402_154309_d17a8c21,6,motion_detected/event_20250402_154309_d17a8c21/0001_10771_20250228_101013_frame_20250402_154309_000007.jpg,10771,2025-02-28 10:10:13,"Externo, dia, corredor lateral de uma residência ou edifício, com boa iluminação natural.","Um indivíduo visível próximo ao portão ao fundo, aparentemente imóvel ou com movimentação mínima ao longo da sequência.","O indivíduo está posicionado junto ao portão, possivelmente observando ou tentando interagir com ele. A posição constante e a proximidade ao portão podem indicar tentativa de acesso ou vigilância do local.",Camera 02.,"**Sim**, presença de pessoa em área restrita sem movimentação clara de entrada ou saída, o que pode indicar comportamento suspeito ou tentativa de invasão."
event_20250402_170432_a89dcd4a,6,motion_detected/event_20250402_170432_a89dcd4a/0001_4992_20250228_161321_frame_20250402_170432_000006.jpg,4992,2025-02-28 16:13:21,"Externo, dia, área com vegetação densa próxima a uma grade e possível entrada lateral de residência.","Um indivíduo aparece parcialmente visível entre as folhas nos frames 2, 3 e 5, próximo à grade lateral. Não há veículos visíveis.","A presença do indivíduo parcialmente oculto pela vegetação, próximo à grade, pode indicar comportamento suspeito, especialmente por estar em uma área lateral e escondida. Não há ações claras de arrombamento ou invasão, mas a movimentação discreta levanta atenção.",Camera 06.,"**Sim**, presença suspeita de indivíduo em área lateral com vegetação densa, possivelmente tentando se ocultar."
event_20250403_110501_6729df14,21,motion_detected/event_20250403_110501_6729df14/0001_6985_20250307_101724_frame_20250403_110453_000004.jpg,6985,2025-03-07 10:17:24,"Externo, dia, área de estacionamento em frente a um prédio com muro e portão. Iluminação natural adequada.","Um pedestre aparece no início da sequência e se afasta. Vários veículos passam pela rua, incluindo carros e uma motocicleta. Um carro branco permanece estacionado ao longo de toda a sequência, com uma leve movimentação (possivelmente manobra ou tentativa de saída).","Nenhum comportamento suspeito ou violento identificado. O carro branco permanece parado, mas não há sinais de arrombamento, tentativa de invasão ou interação suspeita com o veículo ou o prédio.",Camera 02.,"**Não**, não há indícios de risco ou atividade suspeita na sequência observada."
event_20250402_173754_467058ed,6,motion_detected/event_20250402_173754_467058ed/0001_53862_20250301_082830_frame_20250402_173754_000126.jpg,53862,2025-03-01 08:28:30,"Interno, escadaria de acesso, madrugada (05:32), iluminação artificial adequada.",Nenhum visível ao longo da sequência.,Nenhum comportamento suspeito ou sinal de arrombamento. A porta de vidro ao fundo permanece fechada e não há movimentação.,Camera 04.,"**Não**, ambiente estático e sem presença ou atividade suspeita."
event_20250402_150531_3b752641,9,motion_detected/event_20250402_150531_3b752641/0001_40424_20250221_185342_frame_20250402_150531_000008.jpg,40424,2025-02-21 18:53:42,"Externo, dia, área com vegetação ao lado de escada metálica e portão de grade.","Um indivíduo aparece nos dois primeiros frames (0001 e 0002), caminhando da direita para a esquerda, carregando mochila. Depois, a área permanece vazia.",Nenhum comportamento suspeito ou sinal de arrombamento visível. O portão parece estar fechado e intacto.,Câmera 03.,"**Não**, indivíduo apenas transitando pela área externa sem ações suspeitas."
event_20250403_115120_668de0a1,17,motion_detected/event_20250403_115120_668de0a1/0001_16312_20250307_134155_frame_20250403_115120_000048.jpg,16312,2025-03-07 13:41:55,"Interno, escritório, dia, iluminação natural e artificial adequada.","Duas pessoas visíveis. Uma delas (de camiseta preta) se movimenta entre as baias, interage com objetos sobre a mesa e depois se senta para trabalhar. A outra permanece sentada em sua estação de trabalho ao fundo, aparentemente concentrada em tarefas de escritório.",Nenhum comportamento suspeito ou incomum observado. A movimentação da pessoa parece rotineira e compatível com atividades de trabalho.,Escritório.,"**Não**, ambiente controlado, sem sinais de acesso indevido ou comportamento suspeito."
event_20250402_134640_5c3ec297,11,motion_detected/event_20250402_134640_5c3ec297/0001_6888_20250219_153816_frame_20250402_134640_000031.jpg,6888,2025-02-19 15:38:16,"Interno, elevador, boa iluminação, horário diurno (12:49).","Um indivíduo sozinho dentro do elevador, utilizando o celular durante toda a sequência. Não há movimentação significativa além da interação com o celular.",Nenhum comportamento suspeito ou incomum identificado. O indivíduo parece estar aguardando o deslocamento do elevador.,Camera 96.,"**Não**, não há indícios de risco ou comportamento anormal."
event_20250402_141414_61adc9a9,6,motion_detected/event_20250402_141414_61adc9a9/0001_6887_20250219_153816_frame_20250402_141414_000009.jpg,6887,2025-02-19 15:38:16,"Interno, hall de entrada de edifício, dia, iluminação adequada.","Um veículo aparece parcialmente visível na entrada do edifício, muito próximo à porta de vidro. Há uma pessoa visível no primeiro frame, aparentemente interagindo com a porta ou tentando entrar.","O veículo está em posição incomum, extremamente próximo à entrada interna do prédio, o que pode indicar tentativa de invasão ou acesso não autorizado. A presença de uma pessoa próxima à porta no primeiro frame e sua ausência nos seguintes pode indicar movimentação rápida ou tentativa de entrada forçada.",Camera 05.,"**Sim**, a presença de um veículo em posição anormalmente próxima à entrada interna do prédio e a movimentação de uma pessoa sugerem possível tentativa de invasão ou comportamento suspeito."
event_20250403_110227_40dfdb1b,13,motion_detected/event_20250403_110227_40dfdb1b/0001_6984_20250307_101724_frame_20250403_110227_000016.jpg,6984,2025-03-07 10:17:24,"Externo, dia, área de estacionamento com boa iluminação natural.","Um indivíduo sentado sob guarda-sol, aparentemente um vigilante ou porteiro, permanece no mesmo local durante toda a sequência. Vários veículos passam pela rua em frente, sem alterações bruscas ou comportamentos incomuns.","Nenhum comportamento suspeito ou sinal de risco identificado. O indivíduo permanece em posição de vigilância, e os veículos apenas transitam normalmente.",Camera 01.,"**Não**, não há indícios de risco ou atividade suspeita nesta sequência."
event_20250403_110306_2a4c2741,12,motion_detected/event_20250403_110306_2a4c2741/0001_6984_20250307_101724_frame_20250403_110306_000054.jpg,6984,2025-03-07 10:17:24,"Externo, dia, área de estacionamento com boa iluminação natural.",Vários veículos passam pela rua (carros de passeio e utilitário). Um indivíduo está sentado sob um guarda-sol no canto inferior esquerdo da imagem durante toda a sequência. Dois pedestres aparecem nos últimos frames atravessando a rua.,Nenhum comportamento suspeito ou indicativo de risco observado. O indivíduo sentado permanece imóvel e não interage com o ambiente. Os pedestres atravessam normalmente na faixa.,Camera 01.,"**Não**, movimentação urbana normal, sem sinais de risco ou comportamento suspeito."
event_20250402_150847_2875d9f1,6,motion_detected/event_20250402_150847_2875d9f1/0001_40428_20250221_185342_frame_20250402_150847_000004.jpg,40428,2025-02-21 18:53:42,"Externo, dia, calçada urbana com boa iluminação natural.","Um indivíduo com colete refletivo aparece caminhando pela calçada, empurrando um carrinho de mão com objetos. Há vários veículos estacionados e um carro vermelho parado na rua.",Nenhum comportamento suspeito ou incomum aparente. A pessoa parece estar realizando trabalho ou transporte de materiais de forma legítima.,Camera 07.,"**Não**, não há indícios de risco ou atividade suspeita."
event_20250402_150644_65cf02b1,9,motion_detected/event_20250402_150644_65cf02b1/0001_40426_20250221_185342_frame_20250402_150640_000009.jpg,40426,2025-02-21 18:53:42,"Externo, dia, entrada com portão e controle de acesso eletrônico.","Um indivíduo aparece nos primeiros frames, utilizando o sistema de controle de acesso para abrir o portão e entrar. Ele carrega uma mochila e parece estar autorizado, pois o portão se abre normalmente. Após sua entrada, ele não é mais visto. Nos últimos frames, uma motocicleta com dois ocupantes passa pela rua, sem interação com o local monitorado.",Nenhum comportamento suspeito ou tentativa de acesso indevido é observado. O indivíduo parece utilizar o sistema de forma legítima. O portão se fecha normalmente após a entrada.,Camera 05 e Camera 06.,"**Não**, não há indícios de risco ou comportamento suspeito. A entrada foi feita de forma aparentemente autorizada e controlada."
event_20250402_153052_8400b28d,11,motion_detected/event_20250402_153052_8400b28d/0001_10785_20250228_101013_frame_20250402_153052_000063.jpg,10785,2025-02-28 10:10:13,"Externo, dia, corredor cercado com vegetação ao fundo. Iluminação natural.",Nenhum visível nos frames com imagem.,"Há falhas intermitentes no sinal da câmera (vários frames com ""NO VIDEO"" e distorções visuais nos demais), o que pode indicar tentativa de sabotagem, falha técnica ou interferência.",Camera 16.,"**Sim**, devido à perda recorrente de sinal da câmera, o que compromete a vigilância e pode estar associado a tentativa de ocultar ações suspeitas."
event_20250402_154239_6901bc0d,7,motion_detected/event_20250402_154239_6901bc0d/0001_10782_20250228_101013_frame_20250402_154239_000133.jpg,10782,2025-02-28 10:10:13,"Externo, manhã, via urbana com calçada e vegetação, iluminação natural boa.","Um motociclista com passageiro passa pela via no primeiro frame. Em seguida, uma pessoa aparece caminhando pela calçada (visível no quarto frame) e continua andando.",Nenhum comportamento suspeito ou anormal observado. Trânsito e movimentação de pedestres normais.,Camera 13.,"**Não**, movimentação típica de via pública sem indícios de risco."
event_20250403_110122_9008d0c2,6,motion_detected/event_20250403_110122_9008d0c2/0001_6987_20250307_101724_frame_20250403_110122_000108.jpg,6987,2025-03-07 10:17:24,"Interno, escritório, iluminação artificial e natural (dia).","Duas pessoas presentes. Uma está sentada atrás da mesa (aparentemente trabalhando no computador), e a outra está sentada à frente da mesa, em posição de conversa. Não há veículos.",Nenhum comportamento suspeito ou incomum observado. Interação parece ser uma reunião ou atendimento normal.,Camera: 04.,"**Não**, ambiente controlado e sem sinais de risco."
event_20250403_101317_ac64b50b,14,motion_detected/event_20250403_101317_ac64b50b/0001_17201_20250307_002851_frame_20250403_101317_000129.jpg,17201,2025-03-07 00:28:51,"Externo, noite, área cercada com iluminação artificial.","Um veículo aparece nos frames 0001 a 0007, deslocando-se da direita para a esquerda da imagem. Não há presença visível de pessoas fora do veículo.","Nenhum comportamento suspeito ou anormal detectado. O veículo apenas transita pela via externa, sem parar ou interagir com a área cercada.","Frente,L,E","**Não**, apenas trânsito normal de veículo, sem indícios de tentativa de acesso ou atividade suspeita."
event_20250403_111720_8438ede2,13,motion_detected/event_20250403_111720_8438ede2/0001_6990_20250307_101724_frame_20250403_111720_000111.jpg,6990,2025-03-07 10:17:24,"Interno, ambiente comercial ou de recepção, bem iluminado, horário noturno (22h21).","Duas pessoas presentes. Uma está sentada no sofá (possivelmente cliente ou paciente), enquanto a outra (em pé) interage com ela, aparentemente manipulando objetos ou equipamentos próximos.","Não há sinais evidentes de violência, invasão ou comportamento suspeito. A interação parece ser consentida e tranquila, sem indícios de conflito ou coação.",Camera 87.,"**Não**, a cena mostra uma interação aparentemente normal em ambiente controlado, sem sinais de risco."
event_20250402_135631_93a32206,11,motion_detected/event_20250402_135631_93a32206/0001_6895_20250219_153816_frame_20250402_135623_000080.jpg,6895,2025-02-19 15:38:16,"Interno, garagem ou estacionamento coberto, iluminação diurna natural intensa vinda da entrada.","1 veículo (SUV prata) em movimento, saindo da garagem. Nenhuma pessoa visível fora do veículo.",Nenhum comportamento suspeito ou anormal detectado. O veículo realiza uma manobra de saída normal e controlada. Portão parece estar aberto para a saída.,Camera 13.,"**Não**, trata-se de uma saída veicular normal sem sinais de acesso indevido ou comportamento suspeito."
event_20250403_115050_7683df45,19,motion_detected/event_20250403_115050_7683df45/0001_16312_20250307_134155_frame_20250403_115049_000017.jpg,16312,2025-03-07 13:41:55,"Interno, escritório, dia, iluminação natural e artificial adequada.","Três pessoas visíveis em diferentes momentos. Uma mulher se movimenta repetidamente entre a área de entrada e as mesas, interagindo com objetos no chão (possivelmente brinquedos ou caixas). Outras duas pessoas permanecem sentadas em suas estações de trabalho.","Nenhum comportamento suspeito ou fora do comum. A movimentação da mulher parece rotineira, possivelmente organizando ou limpando a área. Não há sinais de arrombamento, violência ou acesso não autorizado.",Escritorio.,"**Não**, todas as ações observadas são compatíveis com atividades normais de escritório."
event_20250403_092133_a41a7e4e,15,motion_detected/event_20250403_092133_a41a7e4e/0001_55406_20250302_230353_frame_20250403_092127_000111.jpg,55406,2025-03-02 23:03:53,"Externo, noite, rua urbana bem iluminada em frente a um prédio residencial.","Diversos pedestres caminham pela calçada em ambas as direções. Pelo menos 6 pessoas diferentes aparecem ao longo da sequência. Vários veículos passam pela rua, incluindo carros pretos, brancos e um azul estacionado. Um casal caminha junto em direção à câmera nos últimos frames.","Nenhum comportamento suspeito ou incomum observado. Todos os pedestres caminham normalmente, sem interações agressivas ou tentativas de acesso indevido. Nenhum sinal de arrombamento ou porta/janela aberta.",Camera 01.,"**Não**, movimentação normal de pedestres e veículos, sem indícios de risco ou comportamento suspeito."
event_20250403_092148_f7aec939,20,motion_detected/event_20250403_092148_f7aec939/0001_55406_20250302_230353_frame_20250403_092148_000132.jpg,55406,2025-03-02 23:03:53,"Externo, noite, via urbana bem iluminada em frente a um portão gradeado.","- Três pessoas aparecem inicialmente: uma criança/adolescente de bicicleta com mochila rosa, um pedestre caminhando ao lado e outro mais ao fundo.
  - A criança/adolescente para a bicicleta em frente ao portão e observa o interior por alguns segundos.
  - Em seguida, ela se afasta pedalando.
  - Dois pedestres passam caminhando normalmente.
  - Tráfego de veículos constante na rua (carros em movimento e dois estacionados).","- A parada da criança/adolescente em frente ao portão e a observação do interior pode indicar curiosidade ou reconhecimento, mas não há tentativa de acesso ou comportamento agressivo.
  - Nenhum sinal de arrombamento, invasão ou violência.",Camera 01.,"**Não**, não há indícios de comportamento suspeito ou risco imediato. A movimentação é compatível com circulação urbana normal."
event_20250403_091558_f5332a23,14,motion_detected/event_20250403_091558_f5332a23/0001_55408_20250302_230353_frame_20250403_091558_000102.jpg,55408,2025-03-02 23:03:53,"Externo, noite, área residencial ou comercial com iluminação pública adequada.","Um veículo aparece e se movimenta ao longo da rua, passando da esquerda para a direita e depois retornando no sentido oposto. Não há presença visível de pessoas a pé.","O veículo realiza manobras de retorno em frente ao portão, o que pode indicar comportamento suspeito, mas não há tentativa clara de acesso ou interação com o portão ou a propriedade. Nenhum sinal de arrombamento ou violação visível.",Camera 03.,"**Não**, apesar da manobra de retorno em frente ao portão, não há ações que indiquem tentativa de invasão ou comportamento claramente suspeito. Monitoramento recomendado."
event_20250403_113741_80c81944,146,motion_detected/event_20250403_113741_80c81944/0001_7645_20250307_134155_frame_20250403_113736_000011.jpg,7645,2025-03-07 13:41:55,"Externo, dia, área de entrada com portão metálico e piso de cimento. Iluminação solar intensa.",Nenhuma pessoa ou veículo visível ao longo da sequência.,Nenhum comportamento suspeito ou sinal de arrombamento. Portão e porta ao fundo permanecem fechados. Apenas movimento de folhas ao vento.,Portao entrada.,"**Não**, não há presença humana, movimentações suspeitas ou alterações no ambiente que indiquem risco."
event_20250402_134602_e110db14,16,motion_detected/event_20250402_134602_e110db14/0001_6884_20250219_153904_frame_20250402_134602_000020.jpg,6884,2025-02-19 15:39:04,"Externo e interno; início na rua durante o dia com boa iluminação, seguido por imagens internas de elevador.","Dois indivíduos caminham juntos na rua e entram em um prédio. Um deles entra no elevador com uma caixa e um balde, o outro o acompanha logo depois. Ambos saem do elevador juntos.","Nenhum comportamento suspeito ou violento identificado. A entrada no prédio e uso do elevador parecem normais, sem sinais de arrombamento ou acesso forçado. Os objetos carregados (caixa e balde) não indicam risco evidente.",Câmeras 02 (externa) e 06 (elevador).,"**Não**, movimentação aparentemente normal de moradores ou visitantes, sem indícios de comportamento suspeito ou acesso indevido."
event_20250403_103119_7b8360f5,6,motion_detected/event_20250403_103119_7b8360f5/0001_17205_20250307_002852_frame_20250403_103119_000110.jpg,17205,2025-03-07 00:28:52,"Externo, noite, área de depósito ou ferro-velho com iluminação artificial.","Pelo menos 4 pessoas visíveis, movimentando-se entre os materiais empilhados. Uma pessoa se desloca da direita para o centro da imagem ao longo da sequência.","A movimentação noturna em um local aparentemente fechado e com materiais armazenados pode indicar atividade suspeita, especialmente se não for horário de funcionamento. Não há sinais claros de arrombamento ou violência, mas a presença de várias pessoas em um ambiente de depósito à noite pode sugerir risco de furto ou invasão.",L.D. Fundos.,"**Sim**, movimentação de múltiplas pessoas em área de armazenamento durante a noite pode indicar atividade suspeita ou não autorizada."
event_20250403_101212_7acf6727,11,motion_detected/event_20250403_101212_7acf6727/0001_17201_20250307_002851_frame_20250403_101212_000064.jpg,17201,2025-03-07 00:28:51,"Externo, noite, área cercada com arame farpado, iluminação artificial.","Um veículo aparece nos frames 0001 a 0007, deslocando-se da direita para a esquerda da imagem. Não há presença visível de pessoas fora do veículo.","Nenhum comportamento suspeito ou indicativo de risco é observado. O veículo apenas transita pela via, sem parar ou interagir com o local monitorado.","Frente, L, E.","**Não**, apenas trânsito normal de veículo, sem ações suspeitas ou tentativas de acesso à área cercada."
event_20250402_152957_dcbadaac,6,motion_detected/event_20250402_152957_dcbadaac/0001_10785_20250228_101013_frame_20250402_152957_000010.jpg,10785,2025-02-28 10:10:13,"Sem visão — todas as imagens mostram tela preta com a mensagem ""NO VIDEO"".",Nenhum.,Nenhum.,Camera 16.,"**Sim**, ausência de sinal de vídeo pode indicar falha técnica ou sabotagem, comprometendo a vigilância da área monitorada."
event_20250402_152728_27cf3018,7,motion_detected/event_20250402_152728_27cf3018/0001_10784_20250228_101013_frame_20250402_152728_000022.jpg,10784,2025-02-28 10:10:13,"Interno, corredor de prédio ou hotel, iluminação artificial, horário diurno (07:10h).","1 pessoa aparece nos primeiros frames (0001 a 0002), aparentemente utilizando o elevador. A pessoa entra no elevador e desaparece da cena.",Nenhum comportamento suspeito ou anormal observado. A pessoa parece estar utilizando o elevador de forma normal.,Camera 15.,"**Não**, não há indícios de risco ou comportamento suspeito. A movimentação é típica de um morador ou visitante utilizando o elevador."
event_20250403_091718_718f1e23,16,motion_detected/event_20250403_091718_718f1e23/0001_55407_20250302_230353_frame_20250403_091718_000024.jpg,55407,2025-03-02 23:03:53,"Externo, noite, área urbana com calçada e portão de entrada. Iluminação pública adequada.","Várias pessoas caminham pela calçada, em ambos os sentidos. Um indivíduo se aproxima do portão (frames 0001 a 0005), observa e toca o portão, depois se afasta. Outros pedestres continuam passando normalmente. Tráfego de veículos constante na rua.","Um indivíduo se aproxima do portão, observa e parece tocá-lo ou testá-lo (frame 0005), o que pode indicar curiosidade ou tentativa de verificar acesso. No entanto, ele se afasta logo em seguida sem insistência ou ação agressiva. Nenhum sinal de arrombamento ou comportamento violento.",Camera 02.,"**Não**, apesar da breve interação com o portão, não há tentativa clara de invasão ou comportamento suspeito persistente. Movimento típico de pedestres em área urbana."
event_20250402_135601_2503371e,12,motion_detected/event_20250402_135601_2503371e/0001_6895_20250219_153816_frame_20250402_135601_000059.jpg,6895,2025-02-19 15:38:16,"Interno, garagem ou estacionamento coberto, iluminação natural intensa vinda do portão ao fundo, dia.","Um homem aparece nos primeiros segundos da sequência. Ele se aproxima da porta gradeada, observa o local, tenta interagir com a porta (possivelmente tentando abrir), e depois se afasta e sai do campo de visão.","O comportamento do indivíduo é suspeito — ele observa o ambiente, tenta interagir com a porta gradeada (possível tentativa de acesso), e se retira rapidamente. Não há sinais visíveis de arrombamento, mas a tentativa de acesso não autorizada é um indicativo de risco.",Camera 13.,"**Sim**, há indício de tentativa de acesso não autorizado a área restrita (porta gradeada), com comportamento suspeito e evasivo."
event_20250402_142408_54015820,11,motion_detected/event_20250402_142408_54015820/0001_6884_20250219_153816_frame_20250402_142408_000019.jpg,6884,2025-02-19 15:38:16,"Externo, dia, rua residencial com boa iluminação natural.","Três indivíduos aparecem na sequência. Dois caminham juntos inicialmente (um de camiseta branca e outro de verde), e um terceiro (de camisa clara e calça) aparece vindo na direção oposta. O indivíduo de branco para ao lado de um carro branco estacionado e parece observar ou interagir com algo próximo ao veículo. Os outros dois seguem caminhando.","O indivíduo de branco permanece próximo ao carro por vários segundos, olhando ao redor e se aproximando da porta do motorista, o que pode indicar uma tentativa de acesso ao veículo. Não há sinais visíveis de arrombamento, mas o comportamento é suspeito por ocorrer em plena luz do dia e com atitude de vigilância ao redor.",Camera 02.,"**Sim**, comportamento suspeito de possível tentativa de acesso indevido a veículo estacionado."
event_20250403_115742_98c6dcb5,23,motion_detected/event_20250403_115742_98c6dcb5/0001_7639_20250307_134155_frame_20250403_115726_000099.jpg,7639,2025-03-07 13:41:55,"Externo, dia, rua com boa iluminação natural.","Diversos veículos passam pela rua ao longo da sequência, incluindo um carro de propaganda, um carro branco, um carro com estampa camuflada, outro carro amarelo e uma motocicleta. Nenhum pedestre visível.","Nenhum comportamento suspeito ou anormal observado. Todos os veículos seguem em trânsito normal. Nenhum sinal de arrombamento, invasão ou acesso indevido.",frente direita.,"**Não**, movimentação veicular normal, sem indícios de risco ou atividade suspeita."
event_20250403_111740_d2e012b2,7,motion_detected/event_20250403_111740_d2e012b2/0001_6990_20250307_101724_frame_20250403_111736_000127.jpg,6990,2025-03-07 10:17:24,"Interno, ambiente comercial ou recepção, bem iluminado, horário noturno (conforme timestamp).","Duas pessoas visíveis. Uma está sentada no sofá (lado direito), aparentemente usando o celular. A outra pessoa está de pé, muito próxima, interagindo diretamente com a pessoa sentada — parece estar falando ou gesticulando de forma insistente.","A interação entre as duas pessoas pode indicar uma situação de confronto ou coação. A pessoa em pé se mantém muito próxima e gesticula de forma contínua, o que pode ser interpretado como comportamento potencialmente agressivo ou intimidatório. A pessoa sentada não reage de forma visivelmente defensiva, mas a persistência da outra levanta suspeitas.",Camera 07.,"**Sim**, há indícios de possível coação ou comportamento agressivo. A proximidade insistente e gesticulação contínua da pessoa em pé podem representar risco à segurança da pessoa sentada."
event_20250402_173700_99de4379,6,motion_detected/event_20250402_173700_99de4379/0001_53862_20250301_082830_frame_20250402_173659_000073.jpg,53862,2025-03-01 08:28:30,"Interno, escadaria de acesso com porta de vidro ao fundo, iluminação artificial, madrugada (05:31).",Nenhum visível ao longo da sequência.,Nenhum comportamento suspeito ou sinal de arrombamento visível. Porta ao fundo permanece fechada.,Camera 04.,"**Não**, não há indícios de atividade suspeita ou risco aparente nas imagens analisadas."
event_20250402_140508_b3297f10,7,motion_detected/event_20250402_140508_b3297f10/0001_6896_20250219_153816_frame_20250402_140502_000093.jpg,6896,2025-02-19 15:38:16,"Interno, garagem ou estacionamento coberto, iluminação natural intensa vinda do portão parcialmente aberto. Dia.",Nenhum visível ao longo da sequência.,"Portão parcialmente aberto durante todo o período observado, sem presença de pessoas ou veículos próximos. Pode indicar abertura não monitorada, mas não há sinais claros de arrombamento ou movimentação suspeita.",Camera 14.,"**Não**, apesar do portão estar parcialmente aberto, não há indícios de acesso indevido ou atividade suspeita nas imagens analisadas. Monitoramento contínuo recomendado."
event_20250403_102756_6e6690ad,6,motion_detected/event_20250403_102756_6e6690ad/0001_17204_20250307_002852_frame_20250403_102756_000065.jpg,17204,2025-03-07 00:28:52,"Externo, noite, área pavimentada ao lado de uma cerca; iluminação artificial presente.","Um indivíduo aparece nos fundos da cena, movendo-se da direita para a esquerda ao longo da cerca. A movimentação é lenta e cautelosa.","A pessoa surge de uma área escura e parece tentar manter-se parcialmente escondida, o que pode indicar comportamento suspeito. Não há sinais claros de arrombamento ou tentativa de acesso indevido visíveis nestes frames, mas a movimentação furtiva é um indicativo de possível risco.",FRENTE L.D.,"**Sim**, presença de indivíduo em área externa à noite com movimentação furtiva e potencial tentativa de aproximação não autorizada."
event_20250403_091449_291c9e77,10,motion_detected/event_20250403_091449_291c9e77/0001_55408_20250302_230353_frame_20250403_091449_000034.jpg,55408,2025-03-02 23:03:53,"Externo, noite, área residencial com portão metálico e cobertura. Iluminação adequada por postes de luz.","Um veículo branco aparece em movimento, passando pela rua da direita para a esquerda entre os frames 0001 e 0004. Nenhuma pessoa visível.",Nenhum comportamento suspeito ou sinal de risco aparente. O veículo apenas transita pela via pública sem parar ou interagir com o portão.,Camera 03.,"**Não**, apenas trânsito normal de veículo, sem indícios de ameaça ou atividade suspeita."
event_20250402_150013_48010d5c,11,motion_detected/event_20250402_150013_48010d5c/0001_8986_20250221_093219_frame_20250402_150013_000010.jpg,8986,2025-02-21 09:32:19,"- Primeiras imagens: Interno, iluminação baixa, ambiente tipo galpão ou depósito.  
  - Imagens finais: Externo, dia, área de entrada com portão metálico.",Nenhum visível em nenhuma das câmeras ao longo da sequência.,"- Câmera 06 (interna) apresenta reinicialização ou falha temporária entre os frames 0003 e 0005, com tela preta e logotipo da Hikvision, o que pode indicar tentativa de sabotagem, falha técnica ou reinício do sistema.  
  - Nenhum sinal de arrombamento ou movimentação suspeita visível nas imagens externas (Câmera 01).","- Câmera 06 (interna)  
  - Câmera 01 (externa, portão)","**Sim**, há risco potencial devido à interrupção do sinal da câmera interna, o que pode indicar tentativa de desativação do sistema de vigilância."
event_20250402_140749_066ae6aa,17,motion_detected/event_20250402_140749_066ae6aa/0001_6883_20250219_153816_frame_20250402_140749_000048.jpg,6883,2025-02-19 15:38:16,"Externo, dia, calçada urbana com boa iluminação natural.","Um homem se aproxima de um carro branco estacionado, entra no veículo e o conduz para fora do local. Posteriormente, um ciclista e outros veículos passam pela rua.","Nenhum comportamento suspeito evidente. A ação do homem parece ser de entrada normal no veículo, sem sinais de arrombamento ou pressa incomum. A movimentação é fluida e sem resistência.",Camera 01.,"**Não**, não há indícios de atividade suspeita ou risco aparente. A sequência mostra uma ação rotineira de entrada e saída com o veículo."
event_20250402_173805_511a00be,6,motion_detected/event_20250402_173805_511a00be/0001_53862_20250301_082830_frame_20250402_173801_000133.jpg,53862,2025-03-01 08:28:30,"Interno, corredor de acesso com escada, iluminação artificial, madrugada (05:33).",Nenhuma pessoa ou veículo visível ao longo da sequência.,Nenhum comportamento suspeito ou sinal de arrombamento. A porta de vidro ao fundo permanece fechada e não há movimentação.,Camera 04.,"**Não**, ambiente estático e sem indícios de atividade suspeita."
event_20250402_150548_d33720ea,9,motion_detected/event_20250402_150548_d33720ea/0001_40425_20250221_185342_frame_20250402_150548_000004.jpg,40425,2025-02-21 18:53:42,"Externo, dia, área de entrada com escadas e vegetação lateral, boa iluminação natural.","Um indivíduo aparece nos dois primeiros frames, parcialmente visível, parecendo sair do campo de visão. Nos frames seguintes, não há mais pessoas ou veículos visíveis.",A presença do indivíduo é breve e não há indícios claros de comportamento suspeito ou tentativa de acesso indevido. Nenhum sinal de arrombamento ou porta/janela aberta.,Camera 04.,"**Não**, não há evidência de comportamento suspeito ou risco aparente nesta sequência."
event_20250403_091655_aab5dcac,13,motion_detected/event_20250403_091655_aab5dcac/0001_55407_20250302_230353_frame_20250403_091655_000002.jpg,55407,2025-03-02 23:03:53,"Externo, noite, área urbana com boa iluminação pública. A câmera está posicionada em frente a um portão de entrada, com mesas e cadeiras visíveis no interior do local.","- Duas pessoas estão paradas na calçada do lado esquerdo da imagem durante toda a sequência.
  - Um indivíduo caminha da direita para a esquerda, passando em frente ao portão (frames 0001 a 0003).
  - Um carro escuro passa pela rua da direita para a esquerda (frames 0004 a 0006).","Nenhum comportamento suspeito ou indicativo de risco é observado. O indivíduo apenas transita pela calçada, sem interagir com o portão ou o interior do local. As pessoas paradas não demonstram ações suspeitas.",Camera 02.,"**Não**, não há indícios de comportamento suspeito ou risco de segurança nesta sequência."
event_20250402_170453_c09018c0,12,motion_detected/event_20250402_170453_c09018c0/0001_4992_20250228_161321_frame_20250402_170453_000026.jpg,4992,2025-02-28 16:13:21,"Externo, dia, área com vegetação densa próxima a uma edificação e grade metálica.",Nenhum visível claramente ao longo da sequência.,"Nenhum comportamento suspeito ou sinal de arrombamento visível. A vegetação densa pode dificultar a visibilidade e ocultar ações, mas não há indícios claros de movimentação ou presença humana.",Câmera 06.,"**Não**, não há evidência de risco ou atividade suspeita nas imagens analisadas."
event_20250403_091957_b1140755,6,motion_detected/event_20250403_091957_b1140755/0001_55406_20250302_230353_frame_20250403_091957_000024.jpg,55406,2025-03-02 23:03:53,"Externo, noite, área urbana em frente a um prédio residencial, bem iluminado.","Dois pedestres caminham na calçada em direções opostas. Vários veículos estacionados e em movimento, incluindo um carro azul parado e um carro prata que estaciona. Um carro preto passa em alta velocidade no último frame.",Nenhum comportamento suspeito ou indicativo de risco observado. Trânsito e movimentação de pedestres normais para o horário.,Camera 01.,"**Não**, movimentação típica de pedestres e veículos, sem sinais de ameaça ou comportamento incomum."
event_20250403_101142_7b6e80c2,8,motion_detected/event_20250403_101142_7b6e80c2/0001_17201_20250307_002851_frame_20250403_101142_000035.jpg,17201,2025-03-07 00:28:51,"Externo, noite, iluminação artificial presente na área próxima à câmera.","Um veículo aparece nos primeiros frames (0001 a 0003), transitando pela rua em frente ao local monitorado. Não há presença de pessoas visíveis na sequência.",Nenhum comportamento suspeito ou sinal de risco identificado. O veículo apenas passa pela rua sem parar ou interagir com o local.,"Frente,L,E","**Não**, apenas trânsito normal de veículo, sem indícios de ameaça ou atividade suspeita."
event_20250403_091629_66f321a3,8,motion_detected/event_20250403_091629_66f321a3/0001_55408_20250302_230353_frame_20250403_091629_000132.jpg,55408,2025-03-02 23:03:53,"Externo, noite, área residencial com iluminação pública adequada.","Um veículo branco aparece nos primeiros frames (0001 a 0002), transitando pela rua da esquerda para a direita. Após isso, não há presença de pessoas ou veículos.",Nenhum comportamento suspeito ou sinal de risco visível. O portão permanece fechado e não há tentativa de acesso ou movimentação incomum.,Camera 93.,"**Não**, apenas trânsito normal de veículo, sem indícios de ameaça ou atividade suspeita."
event_20250403_091507_668f82d1,30,motion_detected/event_20250403_091507_668f82d1/0001_55408_20250302_230353_frame_20250403_091505_000050.jpg,55408,2025-03-02 23:03:53,"Externo, noite, área urbana com iluminação pública adequada. A câmera está posicionada em um ponto elevado, cobrindo um portão e a rua adjacente.","Ao longo da sequência, há movimentação de veículos na rua e uma pessoa caminhando na calçada (visível nos frames 0003 e 0004). A pessoa segue andando e não interage com o portão ou a área interna.",Nenhum comportamento suspeito ou indicativo de risco é observado. A pessoa apenas transita pela calçada e os veículos passam normalmente. O portão permanece fechado e não há sinais de arrombamento ou tentativa de acesso.,Camera 03.,"**Não**, não há indícios de comportamento suspeito ou risco à segurança na sequência observada."
event_20250403_101234_154d0025,12,motion_detected/event_20250403_101234_154d0025/0001_17201_20250307_002851_frame_20250403_101234_000086.jpg,17201,2025-03-07 00:28:51,"Externo, noite, área cercada com iluminação artificial (possivelmente entrada de instalação ou perímetro de segurança).","Um veículo (aparentemente uma van branca) passa lentamente pela via externa da cerca, visível entre os segundos 49 e 59. Nenhuma pessoa visível fora do veículo.","O veículo reduz a velocidade ao passar pela área, o que pode indicar observação ou reconhecimento do local. No entanto, não há tentativa de entrada, parada prolongada ou desembarque de ocupantes.","Frente,L,E","**Não**, apesar da passagem lenta do veículo, não há ações suspeitas ou tentativas de acesso indevido observadas nesta sequência."
event_20250403_110215_e1fda258,6,motion_detected/event_20250403_110215_e1fda258/0001_6984_20250307_101724_frame_20250403_110215_000004.jpg,6984,2025-03-07 10:17:24,"Externo, dia, área de estacionamento com boa iluminação natural.","Um indivíduo sentado sob guarda-sol, aparentemente vigilante ou segurança, usando celular. Um carro branco passa pela rua transversalmente da esquerda para a direita entre os frames 0003 e 0004.",Nenhum comportamento suspeito ou anormal observado. O indivíduo permanece estático e o veículo apenas transita pela via.,Camera 01.,"**Não**, nenhuma atividade suspeita ou indicativo de risco identificado."
event_20250403_114825_0411cb11,16,motion_detected/event_20250403_114825_0411cb11/0001_7640_20250307_134155_frame_20250403_114825_000030.jpg,7640,2025-03-07 13:41:55,"Externo, dia, área lateral de um prédio com boa iluminação solar.",Nenhuma pessoa ou veículo visível ao longo da sequência.,"Nenhum comportamento suspeito ou sinal de risco aparente. A área está estática, com escadas encostadas na parede e vegetação cobrindo parcialmente a visão.",RAMPA.,"**Não**, não há presença de pessoas, movimentações ou indícios de atividade suspeita."
event_20250403_092010_6fe6424e,10,motion_detected/event_20250403_092010_6fe6424e/0001_55406_20250302_230353_frame_20250403_092005_000031.jpg,55406,2025-03-02 23:03:53,"Externo, noite, rua urbana bem iluminada em frente a um prédio residencial.","- Vários veículos passam pela rua, incluindo um carro azul que estaciona e permanece parado ao longo da sequência.
  - Um pedestre atravessa a frente do portão e segue caminhando pela calçada.
  - Um ciclista também passa pela calçada.",Nenhum comportamento suspeito ou incomum observado. Trânsito e movimentação de pedestres e ciclistas normais para o horário e local.,Camera 01.,"**Não**, não há indícios de risco ou atividade suspeita."
event_20250402_134706_4376a9ef,8,motion_detected/event_20250402_134706_4376a9ef/0001_6888_20250219_153816_frame_20250402_134706_000056.jpg,6888,2025-02-19 15:38:16,"Interno, elevador, iluminação artificial adequada, dia (conforme data/hora).",Nenhum indivíduo visível em nenhum dos frames.,"A porta do elevador aparece aberta no primeiro frame e se fecha nos seguintes. Não há sinais de arrombamento, objetos fora do lugar ou ações suspeitas.",Camera 06.,"**Não**, não há indícios de comportamento suspeito ou risco aparente."
event_20250403_091138_c85f8cb2,12,motion_detected/event_20250403_091138_c85f8cb2/0001_55410_20250302_230353_frame_20250403_091138_000004.jpg,55410,2025-03-02 23:03:53,"Externo, noite, área em frente a um portão com iluminação adequada.","Vários veículos passam pela rua ao fundo, em diferentes momentos da sequência. Nenhuma pessoa visível na área monitorada.",Nenhum comportamento suspeito ou sinal de risco aparente. O portão permanece fechado e não há tentativa de acesso ou presença incomum.,Camera 05.,"**Não**, não há indícios de risco ou atividade suspeita nas imagens analisadas."
event_20250403_113409_13e3515e,35,motion_detected/event_20250403_113409_13e3515e/0001_7647_20250307_134155_frame_20250403_113409_000117.jpg,7647,2025-03-07 13:41:55,"Externo, dia, rua residencial com boa iluminação natural.","Três veículos de empresa de segurança privada (identificáveis pelas cores e logotipagem) passam pela rua em sequência. Um deles para brevemente, e há movimentação de pessoas próximas ao veículo parado. Uma motocicleta também passa pela via.","Nenhum comportamento suspeito ou indicativo de risco é observado. A movimentação dos veículos parece ser parte de uma ronda ou patrulhamento. Não há sinais de arrombamento, violência ou acesso indevido.",frente esquerda.,"**Não**, trata-se de patrulhamento de rotina por veículos de segurança privada, sem indícios de atividade suspeita."
event_20250403_091909_dcb3fc90,35,motion_detected/event_20250403_091909_dcb3fc90/0001_55407_20250302_230353_frame_20250403_091906_000129.jpg,55407,2025-03-02 23:03:53,"Externo, noite, área urbana com boa iluminação pública. A câmera está posicionada em frente a um portão de entrada, com vista para a calçada e uma rua movimentada.","Diversas pessoas passam caminhando e um ciclista aparece em dois momentos distintos. Há tráfego constante de veículos. Um casal permanece por um tempo prolongado próximo ao portão, aparentemente conversando.",Nenhum comportamento suspeito ou violento é observado. O ciclista apenas transita pela calçada. O casal próximo ao portão não demonstra tentativa de acesso ou arrombamento.,Camera 02.,"**Não**, não há indícios de risco ou comportamento suspeito. Trata-se de movimentação urbana normal."
event_20250403_110621_6b0b2685,43,motion_detected/event_20250403_110621_6b0b2685/0001_6985_20250307_101724_frame_20250403_110621_000090.jpg,6985,2025-03-07 10:17:24,"Externo, manhã (boa iluminação natural), área urbana com calçada e estacionamento em frente a um prédio.","- Início: dois indivíduos caminham juntos na calçada, um deles (de preto) se afasta e permanece parado próximo à entrada do prédio.
  - O outro (de moletom azul) sai de cena rapidamente.
  - Em seguida, diversos veículos passam pela rua (carros, moto, ônibus).
  - Uma mulher aparece caminhando na calçada ao final da sequência.","- O indivíduo de preto permanece parado por vários segundos observando a área, o que pode indicar comportamento suspeito (reconhecimento ou espera).
  - A saída rápida do segundo indivíduo pode indicar que ele foi buscar algo ou alguém.
  - Não há interação direta com o prédio ou tentativa de acesso visível nesta sequência.",Camera 02.,"**Sim**, comportamento potencialmente suspeito de um dos indivíduos (parado observando a área por tempo prolongado), o que pode indicar reconhecimento para possível ação futura."
event_20250403_092056_211edf58,29,motion_detected/event_20250403_092056_211edf58/0001_55406_20250302_230353_frame_20250403_092056_000081.jpg,55406,2025-03-02 23:03:53,"Externo, noite, via urbana bem iluminada em frente a um edifício residencial.","Diversos pedestres caminham pela calçada em ambas as direções ao longo da sequência. Um grupo de três pessoas aparece interagindo próximo ao carro azul estacionado. Vários veículos passam pela rua, sem alterações bruscas de comportamento.","Nenhum comportamento suspeito ou violento identificado. As pessoas caminham normalmente, sem sinais de tentativa de invasão, arrombamento ou acesso não autorizado. O portão permanece fechado durante toda a sequência.",Camera 01.,"**Não**, movimentação típica de pedestres e veículos em área urbana residencial, sem indícios de risco."
event_20250403_091821_49781bba,46,motion_detected/event_20250403_091821_49781bba/0001_55407_20250302_230353_frame_20250403_091814_000079.jpg,55407,2025-03-02 23:03:53,"Externo, noite, área urbana com boa iluminação pública. A câmera está posicionada em frente a um portão de residência ou comércio, com vista para a calçada e rua movimentada.","Diversos veículos passam pela rua ao longo da sequência. Pelo menos 10 pessoas caminham pela calçada, em diferentes direções. Um indivíduo caminha próximo ao portão (frames 0006 a 0009), mas não interage com ele. Outro grupo de pessoas passa caminhando normalmente (frames 0015 a 0020).","Nenhum comportamento suspeito ou incomum observado. Nenhuma tentativa de acesso ao imóvel, arrombamento ou violência. O portão permanece fechado durante toda a sequência.",Camera 02.,"**Não**, movimentação normal de pedestres e veículos, sem sinais de risco ou comportamento suspeito."
event_20250402_142436_bcc6c37c,33,motion_detected/event_20250402_142436_bcc6c37c/0001_6884_20250219_153816_frame_20250402_142436_000046.jpg,6884,2025-02-19 15:38:16,"Externo, dia, rua residencial com boa iluminação natural.","Inicialmente, dois indivíduos caminham na calçada. Um deles se aproxima de um carro branco estacionado, abre a porta do motorista e entra no veículo. O carro é então ligado e sai do local.","A sequência sugere possível furto de veículo. O indivíduo entra rapidamente no carro e parte em poucos segundos, o que pode indicar que o veículo foi destravado de forma suspeita ou que o indivíduo já possuía acesso indevido. Não há interação visível com chave ou controle remoto, e a ação é rápida e direta.",Camera 02.,"**Sim**, há forte indício de furto de veículo, dado o comportamento rápido e direcionado do indivíduo, sem sinais claros de posse legítima do carro."
event_20250402_134858_0c08b61e,6,motion_detected/event_20250402_134858_0c08b61e/0001_6887_20250219_153904_frame_20250402_134858_000010.jpg,6887,2025-02-19 15:39:04,"Interno, hall de entrada de prédio residencial ou comercial, iluminação diurna natural e artificial.","Um veículo visível do lado de fora, parcialmente dentro da garagem ou entrada. Um indivíduo aparece brevemente no primeiro frame, aparentemente saindo ou entrando pelo portão.","Nenhum comportamento suspeito ou anormal identificado. A porta interna permanece fechada, sem sinais de arrombamento ou acesso forçado. O veículo parece estar estacionado ou aguardando.",Camera #5.,"**Não**, não há indícios de risco ou atividade suspeita nas imagens analisadas."
event_20250403_103142_fb391f55,9,motion_detected/event_20250403_103142_fb391f55/0001_17205_20250307_002852_frame_20250403_103142_000133.jpg,17205,2025-03-07 00:28:52,"Externo, noite, área de depósito ou ferro-velho com iluminação artificial.","Pelo menos 6 pessoas visíveis, movimentando-se entre os objetos e estruturas no local. Algumas parecem estar carregando ou manipulando itens.",A presença de várias pessoas em um local aparentemente fechado e desorganizado durante a noite pode indicar atividade suspeita. Não há uniformes ou sinalização clara de que sejam funcionários. A movimentação entre os objetos sugere possível tentativa de furto ou invasão.,L.D. Fundos.,"**Sim**, movimentação de múltiplos indivíduos em área externa de depósito à noite, com possível manipulação de materiais, sugere risco de invasão ou furto."
event_20250403_101111_73ee91ec,6,motion_detected/event_20250403_101111_73ee91ec/0001_17201_20250307_002851_frame_20250403_101111_000004.jpg,17201,2025-03-07 00:28:51,"Externo, noite, área cercada com iluminação artificial.",Uma pessoa visível agachada ou sentada próxima à cerca no canto esquerdo da imagem. Permanece na mesma posição ao longo da sequência.,"A presença de uma pessoa parada próxima à cerca em horário noturno pode indicar comportamento suspeito, especialmente por estar em uma área aparentemente restrita ou de acesso controlado. Não há sinais visíveis de arrombamento ou tentativa de invasão nos frames analisados, mas a postura e localização da pessoa são incomuns.","Frente, L, E.","**Sim**, presença suspeita de indivíduo próximo à cerca em área possivelmente restrita durante a noite, sem movimentação clara ou justificativa aparente."
event_20250403_110251_48dc17db,10,motion_detected/event_20250403_110251_48dc17db/0001_6984_20250307_101724_frame_20250403_110250_000039.jpg,6984,2025-03-07 10:17:24,"Externo, dia, área de estacionamento em frente a uma rua movimentada.","Um indivíduo sentado sob guarda-sol (possivelmente segurança ou porteiro), dois carros passam pela rua (um branco e um preto), e dois ciclistas cruzam a via.",Nenhum comportamento suspeito ou anormal observado. Trânsito e movimentação de ciclistas normais.,Camera 01.,"**Não**, movimentação típica de rua, sem sinais de risco ou comportamento suspeito."
event_20250403_114910_ef2d8eb6,7,motion_detected/event_20250403_114910_ef2d8eb6/0001_7640_20250307_134155_frame_20250403_114910_000075.jpg,7640,2025-03-07 13:41:55,"Externo, dia, área lateral de um prédio com boa iluminação natural.",Nenhuma pessoa ou veículo visível claramente ao longo da sequência.,"Nenhum comportamento suspeito ou sinal de arrombamento. A área parece tranquila, com objetos (como escadas vermelhas) encostados na parede, mas sem alterações ou interações.",RAMPA.,"**Não**, não há indícios de risco ou atividade suspeita nas imagens analisadas."
event_20250403_103035_5012da09,9,motion_detected/event_20250403_103035_5012da09/0001_17205_20250307_002852_frame_20250403_103034_000066.jpg,17205,2025-03-07 00:28:52,"Externo, noite, área de depósito ou ferro-velho com iluminação artificial.","Pelo menos dois indivíduos visíveis. Um deles se move da parte inferior direita em direção ao centro da imagem, enquanto outro permanece mais ao fundo, aparentemente entre os materiais empilhados.","A movimentação dos indivíduos em um local aparentemente fechado e com materiais armazenados durante a noite pode indicar atividade suspeita. Não há sinal visível de arrombamento, mas a presença de pessoas nesse horário em um local assim pode sugerir acesso não autorizado.",L.D. Fundos.,"**Sim**, presença de pessoas em horário e local incomuns, com possível intenção de furto ou invasão."
event_20250403_115717_1c794723,8,motion_detected/event_20250403_115717_1c794723/0001_7639_20250307_134155_frame_20250403_115717_000090.jpg,7639,2025-03-07 13:41:55,"Externo, dia, rua residencial com boa iluminação natural.","Dois veículos em movimento ao longo da sequência. Um carro branco está estacionado à direita desde o início. Um segundo veículo (com pintura que lembra viatura ou serviço público) entra na cena no segundo frame, passa pelo carro estacionado e segue pela rua até sair do campo de visão.",Nenhum comportamento suspeito ou anormal observado. Trânsito normal de veículos.,frente direita.,"**Não**, apenas tráfego veicular comum, sem sinais de risco ou atividade suspeita."
event_20250403_111707_745eb95c,6,motion_detected/event_20250403_111707_745eb95c/0001_6990_20250307_101724_frame_20250403_111707_000098.jpg,6990,2025-03-07 10:17:24,"Interno, ambiente comercial ou de recepção, bem iluminado, horário noturno (conforme timestamp).","Uma pessoa visível atrás do balcão, aparentemente manipulando objetos ou equipamentos. Permanece na mesma posição ao longo da sequência.",Nenhum comportamento suspeito ou sinal de arrombamento visível. A pessoa parece estar operando normalmente no local.,Camera 87.,"**Não**, não há indícios de atividade suspeita ou risco aparente."
event_20250403_115036_e936a192,10,motion_detected/event_20250403_115036_e936a192/0001_16312_20250307_134155_frame_20250403_115036_000004.jpg,16312,2025-03-07 13:41:55,"Interno, escritório, dia, iluminação natural e artificial adequada.","Uma pessoa visível ao longo da sequência. Ela entra no ambiente, caminha até uma das mesas, interage brevemente com objetos sobre a mesa (possivelmente organizando ou pegando algo), e depois se retira.",Nenhum comportamento suspeito ou fora do comum observado. A pessoa parece estar realizando uma atividade rotineira de escritório.,Escritório.,"**Não**, movimentação normal de colaborador em ambiente de trabalho, sem sinais de acesso indevido ou comportamento anormal."
